{"eventId":"180","visitor":{"name":"Charlotte Hornets","teamid":1610612766,"abbreviation":"CHA","players":[{"lastname":"Williams","firstname":"Marvin","playerid":101107,"jersey":"2","position":"F"},{"lastname":"Lamb","firstname":"Jeremy","playerid":203087,"jersey":"3","position":"G"},{"lastname":"Batum","firstname":"Nicolas","playerid":201587,"jersey":"5","position":"G-F"},{"lastname":"Lin","firstname":"Jeremy","playerid":202391,"jersey":"7","position":"G"},{"lastname":"Harrison","firstname":"Aaron","playerid":1626151,"jersey":"9","position":"G"},{"lastname":"Walker","firstname":"Kemba","playerid":202689,"jersey":"15","position":"G"},{"lastname":"Hairston","firstname":"PJ","playerid":203798,"jersey":"19","position":"F-G"},{"lastname":"Roberts","firstname":"Brian","playerid":203148,"jersey":"22","position":"G"},{"lastname":"Daniels","firstname":"Troy","playerid":203584,"jersey":"30","position":"G"},{"lastname":"Zeller","firstname":"Cody","playerid":203469,"jersey":"40","position":"C-F"},{"lastname":"Kaminsky","firstname":"Frank","playerid":1626163,"jersey":"44","position":"C"},{"lastname":"Hansbrough","firstname":"Tyler","playerid":201946,"jersey":"50","position":"F"},{"lastname":"Hawes","firstname":"Spencer","playerid":201150,"jersey":"00","position":"F-C"}]},"home":{"name":"Toronto Raptors","teamid":1610612761,"abbreviation":"TOR","players":[{"lastname":"Johnson","firstname":"James","playerid":201949,"jersey":"3","position":"F"},{"lastname":"Scola","firstname":"Luis","playerid":2449,"jersey":"4","position":"F"},{"lastname":"Carroll","firstname":"DeMarre","playerid":201960,"jersey":"5","position":"F"},{"lastname":"Joseph","firstname":"Cory","playerid":202709,"jersey":"6","position":"G"},{"lastname":"Lowry","firstname":"Kyle","playerid":200768,"jersey":"7","position":"G"},{"lastname":"Biyombo","firstname":"Bismack","playerid":202687,"jersey":"8","position":"C-F"},{"lastname":"DeRozan","firstname":"DeMar","playerid":201942,"jersey":"10","position":"G"},{"lastname":"Valanciunas","firstname":"Jonas","playerid":202685,"jersey":"17","position":"C"},{"lastname":"Caboclo","firstname":"Bruno","playerid":203998,"jersey":"20","position":"F"},{"lastname":"Ross","firstname":"Terrence","playerid":203082,"jersey":"31","position":"F-G"},{"lastname":"Patterson","firstname":"Patrick","playerid":202335,"jersey":"54","position":"F"},{"lastname":"Wright","firstname":"Delon","playerid":1626153,"jersey":"55","position":"G"},{"lastname":"Nogueira","firstname":"Lucas","playerid":203512,"jersey":"92","position":"C"}]},"moments":[]}